{
  "w": 12,
  "h": 16,
  "char": "a",
  "pixels": [
    [
      0,
      0,
      0,
      0,
      0,
      0,
      0,
      0,
      0,
      0,
      0,
      0
    ],
    [
      0,
      0,
      0,
      0,
      0,
      0,
      0,
      0,
      0,
      0,
      0,
      0
    ],
    [
      0,
      0,
      0,
      0,
      0,
      0,
      0,
      0,
      0,
      0,
      0,
      0
    ],
    [
      0,
      0,
      0,
      0,
      0,
      0,
      0,
      0,
      0,
      0,
      0,
      0
    ],
    [
      0,
      0,
      0,
      0,
      0,
      0,
      0,
      0,
      0,
      0,
      0,
      0
    ],
    [
      0,
      0,
      0,
      0,
      0,
      0,
      0,
      0,
      0,
      0,
      0,
      0
    ],
    [
      0,
      12.499999999999998,
      60.33333333333332,
      109,
      145,
      159.49999999999997,
      132,
      66.99999999999994,
      18.000000000000032,
      0,
      0,
      0
    ],
    [
      0,
      47.49999999999999,
      89.66666666666666,
      77.5,
      45.333333333333336,
      47.166666666666686,
      93,
      164.6666666666667,
      82.33333333333341,
      17,
      0,
      0
    ],
    [
      0,
      6.666666666666666,
      2.666666666666668,
      0,
      0,
      0.6666666666666679,
      4,
      135.66666666666674,
      106.00000000000006,
      39,
      0,
      0
    ],
    [
      0,
      0,
      0.6666666666666665,
      13.5,
      33.33333333333333,
      51.50000000000001,
      69,
      142.3333333333334,
      115.66666666666671,
      47.5,
      0,
      0
    ],
    [
      0,
      35.83333333333333,
      114.33333333333331,
      158.5,
      151.66666666666669,
      116.83333333333333,
      96,
      144.33333333333337,
      116.00000000000004,
      48.5,
      0,
      0
    ],
    [
      9,
      137.33333333333331,
      116.33333333333334,
      48.5,
      2.666666666666668,
      0,
      0,
      114.16666666666674,
      110.33333333333337,
      48.5,
      0,
      0
    ],
    [
      29,
      154,
      86.33333333333336,
      20,
      0,
      2.1666666666666705,
      13,
      148.00000000000009,
      123.00000000000006,
      48.5,
      0,
      0
    ],
    [
      10,
      137.49999999999997,
      123.00000000000001,
      60,
      19.666666666666664,
      39.33333333333336,
      111,
      152.6666666666667,
      118.33333333333337,
      48.5,
      0,
      0
    ],
    [
      0,
      32.5,
      98.33333333333331,
      147.5,
      154,
      113.16666666666664,
      39,
      114.83333333333339,
      108.00000000000003,
      48.5,
      0,
      0
    ],
    [
      0,
      0,
      0,
      0,
      0,
      0,
      0,
      0,
      0,
      0,
      0,
      0
    ]
  ],
  "darkCount": 16,
  "samples": [
    {
      "pixels": [
        [
          0,
          0,
          0,
          0,
          0,
          0,
          0,
          0,
          0,
          0,
          0,
          0
        ],
        [
          0,
          0,
          0,
          0,
          0,
          0,
          0,
          0,
          0,
          0,
          0,
          0
        ],
        [
          0,
          0,
          0,
          0,
          0,
          0,
          0,
          0,
          0,
          0,
          0,
          0
        ],
        [
          0,
          0,
          0,
          0,
          0,
          0,
          0,
          0,
          0,
          0,
          0,
          0
        ],
        [
          0,
          0,
          0,
          0,
          0,
          0,
          0,
          0,
          0,
          0,
          0,
          0
        ],
        [
          0,
          0,
          0,
          0,
          0,
          0,
          0,
          0,
          0,
          0,
          0,
          0
        ],
        [
          0,
          12.499999999999998,
          60.33333333333332,
          109,
          145,
          159.49999999999997,
          132,
          66.99999999999994,
          18.000000000000032,
          0,
          0,
          0
        ],
        [
          0,
          47.49999999999999,
          89.66666666666666,
          77.5,
          45.333333333333336,
          47.166666666666686,
          93,
          164.6666666666667,
          82.33333333333341,
          17,
          0,
          0
        ],
        [
          0,
          6.666666666666666,
          2.666666666666668,
          0,
          0,
          0.6666666666666679,
          4,
          135.66666666666674,
          106.00000000000006,
          39,
          0,
          0
        ],
        [
          0,
          0,
          0.6666666666666665,
          13.5,
          33.33333333333333,
          51.50000000000001,
          69,
          142.3333333333334,
          115.66666666666671,
          47.5,
          0,
          0
        ],
        [
          0,
          35.83333333333333,
          114.33333333333331,
          158.5,
          151.66666666666669,
          116.83333333333333,
          96,
          144.33333333333337,
          116.00000000000004,
          48.5,
          0,
          0
        ],
        [
          9,
          137.33333333333331,
          116.33333333333334,
          48.5,
          2.666666666666668,
          0,
          0,
          114.16666666666674,
          110.33333333333337,
          48.5,
          0,
          0
        ],
        [
          29,
          154,
          86.33333333333336,
          20,
          0,
          2.1666666666666705,
          13,
          148.00000000000009,
          123.00000000000006,
          48.5,
          0,
          0
        ],
        [
          10,
          137.49999999999997,
          123.00000000000001,
          60,
          19.666666666666664,
          39.33333333333336,
          111,
          152.6666666666667,
          118.33333333333337,
          48.5,
          0,
          0
        ],
        [
          0,
          32.5,
          98.33333333333331,
          147.5,
          154,
          113.16666666666664,
          39,
          114.83333333333339,
          108.00000000000003,
          48.5,
          0,
          0
        ],
        [
          0,
          0,
          0,
          0,
          0,
          0,
          0,
          0,
          0,
          0,
          0,
          0
        ]
      ],
      "darkCount": 16
    }
  ]
}