{
  "w": 12,
  "h": 16,
  "char": "b",
  "pixels": [
    [
      0,
      0,
      0,
      0,
      0,
      0,
      0,
      0,
      0,
      0,
      0,
      0
    ],
    [
      0,
      0,
      0,
      0,
      0,
      0,
      0,
      0,
      0,
      0,
      0,
      0
    ],
    [
      0,
      73.33333333333333,
      127.33333333333331,
      73.5,
      0,
      0,
      0,
      0,
      0,
      0,
      0,
      0
    ],
    [
      0,
      73.33333333333333,
      127.33333333333331,
      73.5,
      0,
      0,
      0,
      0,
      0,
      0,
      0,
      0
    ],
    [
      0,
      73.33333333333333,
      127.33333333333331,
      73.5,
      0,
      0,
      0,
      0,
      0,
      0,
      0,
      0
    ],
    [
      0,
      73.33333333333333,
      127.33333333333331,
      73.5,
      0,
      0,
      0,
      0,
      0,
      0,
      0,
      0
    ],
    [
      0,
      73.33333333333333,
      127.33333333333331,
      80.5,
      42.666666666666636,
      110.00000000000001,
      160,
      155,
      108.66666666666671,
      46,
      3.9999999999999964,
      0
    ],
    [
      0,
      73.33333333333333,
      132,
      140.5,
      109.33333333333334,
      68.99999999999999,
      44,
      74.00000000000003,
      144.66666666666663,
      136.5,
      63.99999999999994,
      0
    ],
    [
      0,
      73.33333333333333,
      148.66666666666666,
      116,
      35.33333333333335,
      0,
      0,
      0,
      53.333333333333286,
      129.5,
      125.99999999999991,
      20
    ],
    [
      0,
      73.33333333333333,
      142.66666666666666,
      86.5,
      2.000000000000001,
      0,
      0,
      0,
      19.999999999999982,
      104.5,
      133.99999999999991,
      44
    ],
    [
      0,
      73.33333333333333,
      123.99999999999999,
      71,
      0,
      0,
      0,
      0,
      13.333333333333321,
      99.5,
      137.6666666666666,
      55
    ],
    [
      0,
      73.33333333333333,
      130,
      75.5,
      0,
      0,
      0,
      0,
      22.666666666666647,
      106.5,
      132.99999999999991,
      41
    ],
    [
      0,
      73.33333333333333,
      148.66666666666666,
      100.5,
      14.666666666666673,
      0,
      0,
      0,
      55.99999999999995,
      124.5,
      112.9999999999999,
      9
    ],
    [
      0,
      73.33333333333333,
      142.66666666666666,
      148,
      95.00000000000003,
      30.499999999999993,
      18,
      56.33333333333336,
      137.99999999999994,
      121,
      44.66666666666663,
      0
    ],
    [
      0,
      73.33333333333333,
      127.33333333333331,
      95,
      71.99999999999997,
      136.66666666666669,
      170,
      140.83333333333331,
      84.33333333333337,
      29.5,
      0,
      0
    ],
    [
      0,
      0,
      0,
      0,
      0,
      0,
      0,
      0,
      0,
      0,
      0,
      0
    ]
  ],
  "darkCount": 20,
  "samples": [
    {
      "pixels": [
        [
          0,
          0,
          0,
          0,
          0,
          0,
          0,
          0,
          0,
          0,
          0,
          0
        ],
        [
          0,
          0,
          0,
          0,
          0,
          0,
          0,
          0,
          0,
          0,
          0,
          0
        ],
        [
          0,
          73.33333333333333,
          127.33333333333331,
          73.5,
          0,
          0,
          0,
          0,
          0,
          0,
          0,
          0
        ],
        [
          0,
          73.33333333333333,
          127.33333333333331,
          73.5,
          0,
          0,
          0,
          0,
          0,
          0,
          0,
          0
        ],
        [
          0,
          73.33333333333333,
          127.33333333333331,
          73.5,
          0,
          0,
          0,
          0,
          0,
          0,
          0,
          0
        ],
        [
          0,
          73.33333333333333,
          127.33333333333331,
          73.5,
          0,
          0,
          0,
          0,
          0,
          0,
          0,
          0
        ],
        [
          0,
          73.33333333333333,
          127.33333333333331,
          80.5,
          42.666666666666636,
          110.00000000000001,
          160,
          155,
          108.66666666666671,
          46,
          3.9999999999999964,
          0
        ],
        [
          0,
          73.33333333333333,
          132,
          140.5,
          109.33333333333334,
          68.99999999999999,
          44,
          74.00000000000003,
          144.66666666666663,
          136.5,
          63.99999999999994,
          0
        ],
        [
          0,
          73.33333333333333,
          148.66666666666666,
          116,
          35.33333333333335,
          0,
          0,
          0,
          53.333333333333286,
          129.5,
          125.99999999999991,
          20
        ],
        [
          0,
          73.33333333333333,
          142.66666666666666,
          86.5,
          2.000000000000001,
          0,
          0,
          0,
          19.999999999999982,
          104.5,
          133.99999999999991,
          44
        ],
        [
          0,
          73.33333333333333,
          123.99999999999999,
          71,
          0,
          0,
          0,
          0,
          13.333333333333321,
          99.5,
          137.6666666666666,
          55
        ],
        [
          0,
          73.33333333333333,
          130,
          75.5,
          0,
          0,
          0,
          0,
          22.666666666666647,
          106.5,
          132.99999999999991,
          41
        ],
        [
          0,
          73.33333333333333,
          148.66666666666666,
          100.5,
          14.666666666666673,
          0,
          0,
          0,
          55.99999999999995,
          124.5,
          112.9999999999999,
          9
        ],
        [
          0,
          73.33333333333333,
          142.66666666666666,
          148,
          95.00000000000003,
          30.499999999999993,
          18,
          56.33333333333336,
          137.99999999999994,
          121,
          44.66666666666663,
          0
        ],
        [
          0,
          73.33333333333333,
          127.33333333333331,
          95,
          71.99999999999997,
          136.66666666666669,
          170,
          140.83333333333331,
          84.33333333333337,
          29.5,
          0,
          0
        ],
        [
          0,
          0,
          0,
          0,
          0,
          0,
          0,
          0,
          0,
          0,
          0,
          0
        ]
      ],
      "darkCount": 20
    }
  ]
}