{
  "w": 12,
  "h": 16,
  "char": "d",
  "pixels": [
    [
      0,
      0,
      0,
      0,
      0,
      0,
      0,
      0,
      0,
      0,
      0,
      0
    ],
    [
      0,
      0,
      0,
      0,
      0,
      0,
      0,
      0,
      0,
      0,
      0,
      0
    ],
    [
      0,
      0,
      0,
      0,
      0,
      0,
      0,
      0,
      62.666666666666615,
      116,
      91.99999999999991,
      0
    ],
    [
      0,
      0,
      0,
      0,
      0,
      0,
      0,
      0,
      62.666666666666615,
      116,
      91.99999999999991,
      0
    ],
    [
      0,
      0,
      0,
      0,
      0,
      0,
      0,
      0,
      62.666666666666615,
      116,
      91.99999999999991,
      0
    ],
    [
      0,
      0,
      0,
      0,
      0,
      0,
      0,
      0,
      62.666666666666615,
      116,
      91.99999999999991,
      0
    ],
    [
      0,
      0,
      23.33333333333333,
      76,
      132.99999999999997,
      161.16666666666666,
      142,
      75.33333333333329,
      83.33333333333331,
      116,
      91.99999999999991,
      0
    ],
    [
      0,
      28.333333333333332,
      125.99999999999999,
      147.5,
      99.33333333333336,
      51.83333333333333,
      51,
      116.83333333333339,
      144.66666666666666,
      145,
      91.99999999999991,
      0
    ],
    [
      0,
      101.66666666666666,
      136,
      74.5,
      4.000000000000002,
      0,
      0,
      9.166666666666673,
      107.66666666666659,
      147,
      91.99999999999991,
      0
    ],
    [
      11,
      151,
      108.33333333333334,
      36.5,
      0,
      0,
      0,
      0,
      68.6666666666666,
      120.5,
      91.99999999999991,
      0
    ],
    [
      23,
      153,
      95.00000000000003,
      26.5,
      0,
      0,
      0,
      0,
      62.666666666666615,
      116,
      91.99999999999991,
      0
    ],
    [
      12,
      151.16666666666666,
      101.00000000000001,
      31,
      0,
      0,
      0,
      0,
      71.99999999999994,
      123,
      91.99999999999991,
      0
    ],
    [
      0,
      119.99999999999999,
      122,
      55.5,
      0,
      0,
      0,
      9.166666666666673,
      110.33333333333324,
      149,
      91.99999999999991,
      0
    ],
    [
      0,
      45.83333333333333,
      137.66666666666663,
      129,
      59.33333333333336,
      21.500000000000004,
      29,
      102.33333333333339,
      135,
      141,
      91.99999999999991,
      0
    ],
    [
      0,
      0,
      41.33333333333332,
      100.5,
      148.66666666666666,
      161.16666666666666,
      127,
      60.333333333333286,
      78.33333333333331,
      116,
      91.99999999999991,
      0
    ],
    [
      0,
      0,
      0,
      0,
      0,
      0,
      0,
      0,
      0,
      0,
      0,
      0
    ]
  ],
  "darkCount": 18,
  "samples": [
    {
      "pixels": [
        [
          0,
          0,
          0,
          0,
          0,
          0,
          0,
          0,
          0,
          0,
          0,
          0
        ],
        [
          0,
          0,
          0,
          0,
          0,
          0,
          0,
          0,
          0,
          0,
          0,
          0
        ],
        [
          0,
          0,
          0,
          0,
          0,
          0,
          0,
          0,
          62.666666666666615,
          116,
          91.99999999999991,
          0
        ],
        [
          0,
          0,
          0,
          0,
          0,
          0,
          0,
          0,
          62.666666666666615,
          116,
          91.99999999999991,
          0
        ],
        [
          0,
          0,
          0,
          0,
          0,
          0,
          0,
          0,
          62.666666666666615,
          116,
          91.99999999999991,
          0
        ],
        [
          0,
          0,
          0,
          0,
          0,
          0,
          0,
          0,
          62.666666666666615,
          116,
          91.99999999999991,
          0
        ],
        [
          0,
          0,
          23.33333333333333,
          76,
          132.99999999999997,
          161.16666666666666,
          142,
          75.33333333333329,
          83.33333333333331,
          116,
          91.99999999999991,
          0
        ],
        [
          0,
          28.333333333333332,
          125.99999999999999,
          147.5,
          99.33333333333336,
          51.83333333333333,
          51,
          116.83333333333339,
          144.66666666666666,
          145,
          91.99999999999991,
          0
        ],
        [
          0,
          101.66666666666666,
          136,
          74.5,
          4.000000000000002,
          0,
          0,
          9.166666666666673,
          107.66666666666659,
          147,
          91.99999999999991,
          0
        ],
        [
          11,
          151,
          108.33333333333334,
          36.5,
          0,
          0,
          0,
          0,
          68.6666666666666,
          120.5,
          91.99999999999991,
          0
        ],
        [
          23,
          153,
          95.00000000000003,
          26.5,
          0,
          0,
          0,
          0,
          62.666666666666615,
          116,
          91.99999999999991,
          0
        ],
        [
          12,
          151.16666666666666,
          101.00000000000001,
          31,
          0,
          0,
          0,
          0,
          71.99999999999994,
          123,
          91.99999999999991,
          0
        ],
        [
          0,
          119.99999999999999,
          122,
          55.5,
          0,
          0,
          0,
          9.166666666666673,
          110.33333333333324,
          149,
          91.99999999999991,
          0
        ],
        [
          0,
          45.83333333333333,
          137.66666666666663,
          129,
          59.33333333333336,
          21.500000000000004,
          29,
          102.33333333333339,
          135,
          141,
          91.99999999999991,
          0
        ],
        [
          0,
          0,
          41.33333333333332,
          100.5,
          148.66666666666666,
          161.16666666666666,
          127,
          60.333333333333286,
          78.33333333333331,
          116,
          91.99999999999991,
          0
        ],
        [
          0,
          0,
          0,
          0,
          0,
          0,
          0,
          0,
          0,
          0,
          0,
          0
        ]
      ],
      "darkCount": 18
    }
  ]
}