{
  "w": 12,
  "h": 16,
  "char": "e",
  "pixels": [
    [
      0,
      0,
      0,
      0,
      0,
      0,
      0,
      0,
      0,
      0,
      0,
      0
    ],
    [
      0,
      0,
      0,
      0,
      0,
      0,
      0,
      0,
      0,
      0,
      0,
      0
    ],
    [
      0,
      0,
      0,
      0,
      0,
      0,
      0,
      0,
      0,
      0,
      0,
      0
    ],
    [
      0,
      0,
      0,
      0,
      0,
      0,
      0,
      0,
      0,
      0,
      0,
      0
    ],
    [
      0,
      0,
      0,
      0,
      0,
      0,
      0,
      0,
      0,
      0,
      0,
      0
    ],
    [
      0,
      0,
      0,
      0,
      0,
      0,
      0,
      0,
      0,
      0,
      0,
      0
    ],
    [
      0,
      0,
      19.33333333333333,
      70,
      128.99999999999997,
      162.5,
      150,
      93.3333333333333,
      30.666666666666714,
      2.5,
      0,
      0
    ],
    [
      0,
      24.999999999999996,
      121.33333333333331,
      140,
      89.66666666666669,
      45.50000000000001,
      58,
      141.3333333333334,
      111.33333333333337,
      44,
      0,
      0
    ],
    [
      0,
      100.83333333333333,
      130.33333333333334,
      69.5,
      2.666666666666668,
      0,
      0,
      47.500000000000036,
      134.33333333333326,
      94,
      9.999999999999991,
      0
    ],
    [
      12,
      151.16666666666666,
      105.66666666666669,
      36.5,
      4,
      4,
      4,
      23.16666666666668,
      128.33333333333326,
      108,
      24.666666666666643,
      0
    ],
    [
      24,
      153.16666666666666,
      179,
      179,
      179,
      179,
      179,
      179,
      179,
      116,
      35.3333333333333,
      0
    ],
    [
      16,
      151.83333333333331,
      111.66666666666669,
      53,
      28,
      28,
      28,
      28,
      28,
      19.5,
      7.333333333333327,
      0
    ],
    [
      0,
      116.66666666666666,
      119.33333333333334,
      54.5,
      0,
      0,
      0,
      0,
      0.6666666666666661,
      0.5,
      0,
      0
    ],
    [
      0,
      41.666666666666664,
      135.99999999999997,
      141,
      84.33333333333336,
      46.166666666666664,
      42,
      64.50000000000001,
      90.99999999999999,
      51,
      0,
      0
    ],
    [
      0,
      0,
      31.333333333333325,
      86,
      139.33333333333331,
      164.83333333333331,
      149,
      116.49999999999997,
      62.66666666666671,
      19.5,
      0,
      0
    ],
    [
      0,
      0,
      0,
      0,
      0,
      0,
      0,
      0,
      0,
      0,
      0,
      0
    ]
  ],
  "darkCount": 23,
  "samples": [
    {
      "pixels": [
        [
          0,
          0,
          0,
          0,
          0,
          0,
          0,
          0,
          0,
          0,
          0,
          0
        ],
        [
          0,
          0,
          0,
          0,
          0,
          0,
          0,
          0,
          0,
          0,
          0,
          0
        ],
        [
          0,
          0,
          0,
          0,
          0,
          0,
          0,
          0,
          0,
          0,
          0,
          0
        ],
        [
          0,
          0,
          0,
          0,
          0,
          0,
          0,
          0,
          0,
          0,
          0,
          0
        ],
        [
          0,
          0,
          0,
          0,
          0,
          0,
          0,
          0,
          0,
          0,
          0,
          0
        ],
        [
          0,
          0,
          0,
          0,
          0,
          0,
          0,
          0,
          0,
          0,
          0,
          0
        ],
        [
          0,
          0,
          19.33333333333333,
          70,
          128.99999999999997,
          162.5,
          150,
          93.3333333333333,
          30.666666666666714,
          2.5,
          0,
          0
        ],
        [
          0,
          24.999999999999996,
          121.33333333333331,
          140,
          89.66666666666669,
          45.50000000000001,
          58,
          141.3333333333334,
          111.33333333333337,
          44,
          0,
          0
        ],
        [
          0,
          100.83333333333333,
          130.33333333333334,
          69.5,
          2.666666666666668,
          0,
          0,
          47.500000000000036,
          134.33333333333326,
          94,
          9.999999999999991,
          0
        ],
        [
          12,
          151.16666666666666,
          105.66666666666669,
          36.5,
          4,
          4,
          4,
          23.16666666666668,
          128.33333333333326,
          108,
          24.666666666666643,
          0
        ],
        [
          24,
          153.16666666666666,
          179,
          179,
          179,
          179,
          179,
          179,
          179,
          116,
          35.3333333333333,
          0
        ],
        [
          16,
          151.83333333333331,
          111.66666666666669,
          53,
          28,
          28,
          28,
          28,
          28,
          19.5,
          7.333333333333327,
          0
        ],
        [
          0,
          116.66666666666666,
          119.33333333333334,
          54.5,
          0,
          0,
          0,
          0,
          0.6666666666666661,
          0.5,
          0,
          0
        ],
        [
          0,
          41.666666666666664,
          135.99999999999997,
          141,
          84.33333333333336,
          46.166666666666664,
          42,
          64.50000000000001,
          90.99999999999999,
          51,
          0,
          0
        ],
        [
          0,
          0,
          31.333333333333325,
          86,
          139.33333333333331,
          164.83333333333331,
          149,
          116.49999999999997,
          62.66666666666671,
          19.5,
          0,
          0
        ],
        [
          0,
          0,
          0,
          0,
          0,
          0,
          0,
          0,
          0,
          0,
          0,
          0
        ]
      ],
      "darkCount": 23
    }
  ]
}