{
  "w": 12,
  "h": 16,
  "char": "f",
  "pixels": [
    [
      0,
      0,
      0,
      0,
      0,
      0,
      0,
      0,
      0,
      0,
      0,
      0
    ],
    [
      0,
      0,
      0,
      0,
      0,
      0,
      0,
      0,
      0,
      0,
      0,
      0
    ],
    [
      0,
      0,
      9.999999999999998,
      59,
      121.99999999999999,
      151.5,
      109,
      18.1666666666666,
      0,
      0,
      0,
      0
    ],
    [
      0,
      0,
      75.99999999999999,
      128,
      110.6666666666667,
      47,
      42,
      6.999999999999975,
      0,
      0,
      0,
      0
    ],
    [
      0,
      3.333333333333333,
      119.3333333333333,
      122,
      44.666666666666686,
      0,
      0,
      0,
      0,
      0,
      0,
      0
    ],
    [
      0,
      8.333333333333332,
      122.66666666666663,
      119,
      39.33333333333335,
      0,
      0,
      0,
      0,
      0,
      0,
      0
    ],
    [
      79,
      162.33333333333334,
      179,
      179,
      179,
      159.49999999999994,
      62,
      10.333333333333297,
      0,
      0,
      0,
      0
    ],
    [
      21,
      42.666666666666664,
      134.99999999999997,
      132,
      69.66666666666669,
      35.33333333333332,
      17,
      2.8333333333333233,
      0,
      0,
      0,
      0
    ],
    [
      0,
      8.333333333333332,
      122.66666666666663,
      119,
      39.33333333333335,
      0,
      0,
      0,
      0,
      0,
      0,
      0
    ],
    [
      0,
      8.333333333333332,
      122.66666666666663,
      119,
      39.33333333333335,
      0,
      0,
      0,
      0,
      0,
      0,
      0
    ],
    [
      0,
      8.333333333333332,
      122.66666666666663,
      119,
      39.33333333333335,
      0,
      0,
      0,
      0,
      0,
      0,
      0
    ],
    [
      0,
      8.333333333333332,
      122.66666666666663,
      119,
      39.33333333333335,
      0,
      0,
      0,
      0,
      0,
      0,
      0
    ],
    [
      0,
      8.333333333333332,
      122.66666666666663,
      119,
      39.33333333333335,
      0,
      0,
      0,
      0,
      0,
      0,
      0
    ],
    [
      0,
      8.333333333333332,
      122.66666666666663,
      119,
      39.33333333333335,
      0,
      0,
      0,
      0,
      0,
      0,
      0
    ],
    [
      0,
      8.333333333333332,
      122.66666666666663,
      119,
      39.33333333333335,
      0,
      0,
      0,
      0,
      0,
      0,
      0
    ],
    [
      0,
      0,
      0,
      0,
      0,
      0,
      0,
      0,
      0,
      0,
      0,
      0
    ]
  ],
  "darkCount": 8,
  "samples": [
    {
      "pixels": [
        [
          0,
          0,
          0,
          0,
          0,
          0,
          0,
          0,
          0,
          0,
          0,
          0
        ],
        [
          0,
          0,
          0,
          0,
          0,
          0,
          0,
          0,
          0,
          0,
          0,
          0
        ],
        [
          0,
          0,
          9.999999999999998,
          59,
          121.99999999999999,
          151.5,
          109,
          18.1666666666666,
          0,
          0,
          0,
          0
        ],
        [
          0,
          0,
          75.99999999999999,
          128,
          110.6666666666667,
          47,
          42,
          6.999999999999975,
          0,
          0,
          0,
          0
        ],
        [
          0,
          3.333333333333333,
          119.3333333333333,
          122,
          44.666666666666686,
          0,
          0,
          0,
          0,
          0,
          0,
          0
        ],
        [
          0,
          8.333333333333332,
          122.66666666666663,
          119,
          39.33333333333335,
          0,
          0,
          0,
          0,
          0,
          0,
          0
        ],
        [
          79,
          162.33333333333334,
          179,
          179,
          179,
          159.49999999999994,
          62,
          10.333333333333297,
          0,
          0,
          0,
          0
        ],
        [
          21,
          42.666666666666664,
          134.99999999999997,
          132,
          69.66666666666669,
          35.33333333333332,
          17,
          2.8333333333333233,
          0,
          0,
          0,
          0
        ],
        [
          0,
          8.333333333333332,
          122.66666666666663,
          119,
          39.33333333333335,
          0,
          0,
          0,
          0,
          0,
          0,
          0
        ],
        [
          0,
          8.333333333333332,
          122.66666666666663,
          119,
          39.33333333333335,
          0,
          0,
          0,
          0,
          0,
          0,
          0
        ],
        [
          0,
          8.333333333333332,
          122.66666666666663,
          119,
          39.33333333333335,
          0,
          0,
          0,
          0,
          0,
          0,
          0
        ],
        [
          0,
          8.333333333333332,
          122.66666666666663,
          119,
          39.33333333333335,
          0,
          0,
          0,
          0,
          0,
          0,
          0
        ],
        [
          0,
          8.333333333333332,
          122.66666666666663,
          119,
          39.33333333333335,
          0,
          0,
          0,
          0,
          0,
          0,
          0
        ],
        [
          0,
          8.333333333333332,
          122.66666666666663,
          119,
          39.33333333333335,
          0,
          0,
          0,
          0,
          0,
          0,
          0
        ],
        [
          0,
          8.333333333333332,
          122.66666666666663,
          119,
          39.33333333333335,
          0,
          0,
          0,
          0,
          0,
          0,
          0
        ],
        [
          0,
          0,
          0,
          0,
          0,
          0,
          0,
          0,
          0,
          0,
          0,
          0
        ]
      ],
      "darkCount": 8
    }
  ]
}