{
  "w": 12,
  "h": 16,
  "char": "g",
  "pixels": [
    [
      0,
      0,
      0,
      0,
      0,
      0,
      0,
      0,
      0,
      0,
      0,
      0
    ],
    [
      0,
      0,
      0,
      0,
      0,
      0,
      0,
      0,
      0,
      0,
      0,
      0
    ],
    [
      0,
      0,
      0,
      0,
      0,
      0,
      0,
      0,
      0,
      0,
      0,
      0
    ],
    [
      0,
      0,
      0,
      0,
      0,
      0,
      0,
      0,
      0,
      0,
      0,
      0
    ],
    [
      0,
      0,
      0,
      0,
      0,
      0,
      0,
      0,
      0,
      0,
      0,
      0
    ],
    [
      0,
      0,
      0,
      0,
      0,
      0,
      0,
      0,
      0,
      0,
      0,
      0
    ],
    [
      0,
      0,
      23.999999999999993,
      77,
      133.66666666666666,
      161,
      141,
      73.49999999999994,
      82.66666666666666,
      116,
      91.99999999999991,
      0
    ],
    [
      0,
      29.166666666666664,
      126.99999999999999,
      146,
      96.66666666666669,
      51.83333333333333,
      51,
      116.83333333333339,
      144.66666666666666,
      145,
      91.99999999999991,
      0
    ],
    [
      0,
      102.49999999999999,
      133,
      71,
      2.666666666666668,
      0,
      0,
      9.166666666666673,
      106.33333333333324,
      146,
      91.99999999999991,
      0
    ],
    [
      11,
      151,
      106.33333333333334,
      35,
      0,
      0,
      0,
      0,
      67.99999999999994,
      120,
      91.99999999999991,
      0
    ],
    [
      23,
      153,
      95.00000000000003,
      26.5,
      0,
      0,
      0,
      0,
      62.666666666666615,
      116,
      91.99999999999991,
      0
    ],
    [
      13,
      151.33333333333331,
      102.33333333333334,
      32,
      0,
      0,
      0,
      0,
      73.99999999999993,
      124.5,
      91.99999999999991,
      0
    ],
    [
      0,
      122.49999999999999,
      133,
      63.5,
      0.666666666666667,
      0,
      0,
      15.833333333333345,
      118.33333333333324,
      153,
      91.99999999999991,
      0
    ],
    [
      0,
      45.83333333333333,
      137.66666666666663,
      144,
      88.33333333333336,
      48.66666666666667,
      57,
      124.50000000000006,
      132.66666666666669,
      134,
      91.99999999999991,
      0
    ],
    [
      0,
      0,
      41.33333333333332,
      100.5,
      148.66666666666666,
      160.33333333333331,
      122,
      50.333333333333286,
      78.66666666666663,
      116,
      87.99999999999991,
      0
    ],
    [
      0,
      0,
      0,
      0,
      0,
      0,
      0,
      0,
      83.99999999999993,
      117.5,
      72.6666666666666,
      0
    ]
  ],
  "darkCount": 19,
  "samples": [
    {
      "pixels": [
        [
          0,
          0,
          0,
          0,
          0,
          0,
          0,
          0,
          0,
          0,
          0,
          0
        ],
        [
          0,
          0,
          0,
          0,
          0,
          0,
          0,
          0,
          0,
          0,
          0,
          0
        ],
        [
          0,
          0,
          0,
          0,
          0,
          0,
          0,
          0,
          0,
          0,
          0,
          0
        ],
        [
          0,
          0,
          0,
          0,
          0,
          0,
          0,
          0,
          0,
          0,
          0,
          0
        ],
        [
          0,
          0,
          0,
          0,
          0,
          0,
          0,
          0,
          0,
          0,
          0,
          0
        ],
        [
          0,
          0,
          0,
          0,
          0,
          0,
          0,
          0,
          0,
          0,
          0,
          0
        ],
        [
          0,
          0,
          23.999999999999993,
          77,
          133.66666666666666,
          161,
          141,
          73.49999999999994,
          82.66666666666666,
          116,
          91.99999999999991,
          0
        ],
        [
          0,
          29.166666666666664,
          126.99999999999999,
          146,
          96.66666666666669,
          51.83333333333333,
          51,
          116.83333333333339,
          144.66666666666666,
          145,
          91.99999999999991,
          0
        ],
        [
          0,
          102.49999999999999,
          133,
          71,
          2.666666666666668,
          0,
          0,
          9.166666666666673,
          106.33333333333324,
          146,
          91.99999999999991,
          0
        ],
        [
          11,
          151,
          106.33333333333334,
          35,
          0,
          0,
          0,
          0,
          67.99999999999994,
          120,
          91.99999999999991,
          0
        ],
        [
          23,
          153,
          95.00000000000003,
          26.5,
          0,
          0,
          0,
          0,
          62.666666666666615,
          116,
          91.99999999999991,
          0
        ],
        [
          13,
          151.33333333333331,
          102.33333333333334,
          32,
          0,
          0,
          0,
          0,
          73.99999999999993,
          124.5,
          91.99999999999991,
          0
        ],
        [
          0,
          122.49999999999999,
          133,
          63.5,
          0.666666666666667,
          0,
          0,
          15.833333333333345,
          118.33333333333324,
          153,
          91.99999999999991,
          0
        ],
        [
          0,
          45.83333333333333,
          137.66666666666663,
          144,
          88.33333333333336,
          48.66666666666667,
          57,
          124.50000000000006,
          132.66666666666669,
          134,
          91.99999999999991,
          0
        ],
        [
          0,
          0,
          41.33333333333332,
          100.5,
          148.66666666666666,
          160.33333333333331,
          122,
          50.333333333333286,
          78.66666666666663,
          116,
          87.99999999999991,
          0
        ],
        [
          0,
          0,
          0,
          0,
          0,
          0,
          0,
          0,
          83.99999999999993,
          117.5,
          72.6666666666666,
          0
        ]
      ],
      "darkCount": 19
    }
  ]
}