{
  "w": 12,
  "h": 16,
  "char": "k",
  "pixels": [
    [
      0,
      0,
      0,
      0,
      0,
      0,
      0,
      0,
      0,
      0,
      0,
      0
    ],
    [
      0,
      0,
      0,
      0,
      0,
      0,
      0,
      0,
      0,
      0,
      0,
      0
    ],
    [
      0,
      73.33333333333333,
      127.33333333333331,
      73.5,
      0,
      0,
      0,
      0,
      0,
      0,
      0,
      0
    ],
    [
      0,
      73.33333333333333,
      127.33333333333331,
      73.5,
      0,
      0,
      0,
      0,
      0,
      0,
      0,
      0
    ],
    [
      0,
      73.33333333333333,
      127.33333333333331,
      73.5,
      0,
      0,
      0,
      0,
      0,
      0,
      0,
      0
    ],
    [
      0,
      73.33333333333333,
      127.33333333333331,
      73.5,
      0,
      0,
      0,
      0,
      0,
      0,
      0,
      0
    ],
    [
      0,
      73.33333333333333,
      127.33333333333331,
      73.5,
      0,
      2.1666666666666705,
      13,
      119.66666666666674,
      137,
      73,
      7.333333333333327,
      0
    ],
    [
      0,
      73.33333333333333,
      127.33333333333331,
      73.5,
      1.6666666666666652,
      24.000000000000032,
      119,
      142.33333333333334,
      61.00000000000007,
      9,
      0,
      0
    ],
    [
      0,
      73.33333333333333,
      127.33333333333331,
      74,
      32.99999999999997,
      107.50000000000001,
      160,
      48.33333333333326,
      8.666666666666682,
      0,
      0,
      0
    ],
    [
      0,
      73.33333333333333,
      127.33333333333331,
      110.5,
      105.99999999999997,
      147.49999999999997,
      35,
      5.833333333333313,
      0,
      0,
      0,
      0
    ],
    [
      0,
      73.33333333333333,
      137.33333333333331,
      163.5,
      146.33333333333334,
      90.99999999999997,
      1,
      0.16666666666666607,
      0,
      0,
      0,
      0
    ],
    [
      0,
      73.33333333333333,
      127.33333333333331,
      97,
      90.99999999999996,
      161.99999999999994,
      77,
      12.833333333333288,
      0,
      0,
      0,
      0
    ],
    [
      0,
      73.33333333333333,
      127.33333333333331,
      73.5,
      22.666666666666647,
      86.50000000000003,
      179,
      81.49999999999993,
      20.666666666666703,
      0,
      0,
      0
    ],
    [
      0,
      73.33333333333333,
      127.33333333333331,
      73.5,
      0,
      15.33333333333336,
      92,
      162.8333333333334,
      91.00000000000009,
      24,
      0,
      0
    ],
    [
      0,
      73.33333333333333,
      127.33333333333331,
      73.5,
      0,
      0.6666666666666679,
      4,
      96.50000000000006,
      152.99999999999997,
      104.5,
      24.666666666666643,
      0
    ],
    [
      0,
      0,
      0,
      0,
      0,
      0,
      0,
      0,
      0,
      0,
      0,
      0
    ]
  ],
  "darkCount": 11,
  "samples": [
    {
      "pixels": [
        [
          0,
          0,
          0,
          0,
          0,
          0,
          0,
          0,
          0,
          0,
          0,
          0
        ],
        [
          0,
          0,
          0,
          0,
          0,
          0,
          0,
          0,
          0,
          0,
          0,
          0
        ],
        [
          0,
          73.33333333333333,
          127.33333333333331,
          73.5,
          0,
          0,
          0,
          0,
          0,
          0,
          0,
          0
        ],
        [
          0,
          73.33333333333333,
          127.33333333333331,
          73.5,
          0,
          0,
          0,
          0,
          0,
          0,
          0,
          0
        ],
        [
          0,
          73.33333333333333,
          127.33333333333331,
          73.5,
          0,
          0,
          0,
          0,
          0,
          0,
          0,
          0
        ],
        [
          0,
          73.33333333333333,
          127.33333333333331,
          73.5,
          0,
          0,
          0,
          0,
          0,
          0,
          0,
          0
        ],
        [
          0,
          73.33333333333333,
          127.33333333333331,
          73.5,
          0,
          2.1666666666666705,
          13,
          119.66666666666674,
          137,
          73,
          7.333333333333327,
          0
        ],
        [
          0,
          73.33333333333333,
          127.33333333333331,
          73.5,
          1.6666666666666652,
          24.000000000000032,
          119,
          142.33333333333334,
          61.00000000000007,
          9,
          0,
          0
        ],
        [
          0,
          73.33333333333333,
          127.33333333333331,
          74,
          32.99999999999997,
          107.50000000000001,
          160,
          48.33333333333326,
          8.666666666666682,
          0,
          0,
          0
        ],
        [
          0,
          73.33333333333333,
          127.33333333333331,
          110.5,
          105.99999999999997,
          147.49999999999997,
          35,
          5.833333333333313,
          0,
          0,
          0,
          0
        ],
        [
          0,
          73.33333333333333,
          137.33333333333331,
          163.5,
          146.33333333333334,
          90.99999999999997,
          1,
          0.16666666666666607,
          0,
          0,
          0,
          0
        ],
        [
          0,
          73.33333333333333,
          127.33333333333331,
          97,
          90.99999999999996,
          161.99999999999994,
          77,
          12.833333333333288,
          0,
          0,
          0,
          0
        ],
        [
          0,
          73.33333333333333,
          127.33333333333331,
          73.5,
          22.666666666666647,
          86.50000000000003,
          179,
          81.49999999999993,
          20.666666666666703,
          0,
          0,
          0
        ],
        [
          0,
          73.33333333333333,
          127.33333333333331,
          73.5,
          0,
          15.33333333333336,
          92,
          162.8333333333334,
          91.00000000000009,
          24,
          0,
          0
        ],
        [
          0,
          73.33333333333333,
          127.33333333333331,
          73.5,
          0,
          0.6666666666666679,
          4,
          96.50000000000006,
          152.99999999999997,
          104.5,
          24.666666666666643,
          0
        ],
        [
          0,
          0,
          0,
          0,
          0,
          0,
          0,
          0,
          0,
          0,
          0,
          0
        ]
      ],
      "darkCount": 11
    }
  ]
}