{
  "w": 12,
  "h": 16,
  "char": "p",
  "pixels": [
    [
      0,
      0,
      0,
      0,
      0,
      0,
      0,
      0,
      0,
      0,
      0,
      0
    ],
    [
      0,
      0,
      0,
      0,
      0,
      0,
      0,
      0,
      0,
      0,
      0,
      0
    ],
    [
      0,
      0,
      0,
      0,
      0,
      0,
      0,
      0,
      0,
      0,
      0,
      0
    ],
    [
      0,
      0,
      0,
      0,
      0,
      0,
      0,
      0,
      0,
      0,
      0,
      0
    ],
    [
      0,
      0,
      0,
      0,
      0,
      0,
      0,
      0,
      0,
      0,
      0,
      0
    ],
    [
      0,
      0,
      0,
      0,
      0,
      0,
      0,
      0,
      0,
      0,
      0,
      0
    ],
    [
      0,
      73.33333333333333,
      127.33333333333331,
      84,
      49.33333333333331,
      115.16666666666669,
      161,
      155.16666666666666,
      109.33333333333337,
      47,
      4.6666666666666625,
      0
    ],
    [
      0,
      73.33333333333333,
      136.66666666666666,
      143,
      97.66666666666669,
      38.66666666666666,
      17,
      43.666666666666686,
      122.99999999999994,
      128.5,
      64.66666666666661,
      0
    ],
    [
      0,
      73.33333333333333,
      148.66666666666666,
      107,
      23.333333333333343,
      0,
      0,
      0,
      41.999999999999964,
      121,
      125.99999999999991,
      20
    ],
    [
      0,
      73.33333333333333,
      138,
      82,
      0.666666666666667,
      0,
      0,
      0,
      17.999999999999986,
      103,
      133.99999999999991,
      44
    ],
    [
      0,
      73.33333333333333,
      123.99999999999999,
      71,
      0,
      0,
      0,
      0,
      14.666666666666654,
      100.5,
      137.6666666666666,
      55
    ],
    [
      0,
      73.33333333333333,
      134.66666666666666,
      79,
      0,
      0,
      0,
      0,
      26.666666666666643,
      109.5,
      132.99999999999991,
      41
    ],
    [
      0,
      73.33333333333333,
      148.66666666666666,
      107,
      23.333333333333343,
      0,
      0,
      0,
      68.6666666666666,
      135,
      114.33333333333323,
      9
    ],
    [
      0,
      73.33333333333333,
      138,
      152,
      114.66666666666669,
      59.33333333333333,
      46,
      88.50000000000003,
      151.66666666666663,
      123,
      44.66666666666663,
      0
    ],
    [
      0,
      73.33333333333333,
      127.33333333333331,
      89,
      61.66666666666664,
      130.5,
      168,
      140.5,
      84.33333333333337,
      29.5,
      0,
      0
    ],
    [
      0,
      73.33333333333333,
      127.33333333333331,
      73.5,
      0,
      0,
      0,
      0,
      0,
      0,
      0,
      0
    ]
  ],
  "darkCount": 19,
  "samples": [
    {
      "pixels": [
        [
          0,
          0,
          0,
          0,
          0,
          0,
          0,
          0,
          0,
          0,
          0,
          0
        ],
        [
          0,
          0,
          0,
          0,
          0,
          0,
          0,
          0,
          0,
          0,
          0,
          0
        ],
        [
          0,
          0,
          0,
          0,
          0,
          0,
          0,
          0,
          0,
          0,
          0,
          0
        ],
        [
          0,
          0,
          0,
          0,
          0,
          0,
          0,
          0,
          0,
          0,
          0,
          0
        ],
        [
          0,
          0,
          0,
          0,
          0,
          0,
          0,
          0,
          0,
          0,
          0,
          0
        ],
        [
          0,
          0,
          0,
          0,
          0,
          0,
          0,
          0,
          0,
          0,
          0,
          0
        ],
        [
          0,
          73.33333333333333,
          127.33333333333331,
          84,
          49.33333333333331,
          115.16666666666669,
          161,
          155.16666666666666,
          109.33333333333337,
          47,
          4.6666666666666625,
          0
        ],
        [
          0,
          73.33333333333333,
          136.66666666666666,
          143,
          97.66666666666669,
          38.66666666666666,
          17,
          43.666666666666686,
          122.99999999999994,
          128.5,
          64.66666666666661,
          0
        ],
        [
          0,
          73.33333333333333,
          148.66666666666666,
          107,
          23.333333333333343,
          0,
          0,
          0,
          41.999999999999964,
          121,
          125.99999999999991,
          20
        ],
        [
          0,
          73.33333333333333,
          138,
          82,
          0.666666666666667,
          0,
          0,
          0,
          17.999999999999986,
          103,
          133.99999999999991,
          44
        ],
        [
          0,
          73.33333333333333,
          123.99999999999999,
          71,
          0,
          0,
          0,
          0,
          14.666666666666654,
          100.5,
          137.6666666666666,
          55
        ],
        [
          0,
          73.33333333333333,
          134.66666666666666,
          79,
          0,
          0,
          0,
          0,
          26.666666666666643,
          109.5,
          132.99999999999991,
          41
        ],
        [
          0,
          73.33333333333333,
          148.66666666666666,
          107,
          23.333333333333343,
          0,
          0,
          0,
          68.6666666666666,
          135,
          114.33333333333323,
          9
        ],
        [
          0,
          73.33333333333333,
          138,
          152,
          114.66666666666669,
          59.33333333333333,
          46,
          88.50000000000003,
          151.66666666666663,
          123,
          44.66666666666663,
          0
        ],
        [
          0,
          73.33333333333333,
          127.33333333333331,
          89,
          61.66666666666664,
          130.5,
          168,
          140.5,
          84.33333333333337,
          29.5,
          0,
          0
        ],
        [
          0,
          73.33333333333333,
          127.33333333333331,
          73.5,
          0,
          0,
          0,
          0,
          0,
          0,
          0,
          0
        ]
      ],
      "darkCount": 19
    }
  ]
}