{
  "w": 12,
  "h": 16,
  "char": "q",
  "pixels": [
    [
      0,
      0,
      0,
      0,
      0,
      0,
      0,
      0,
      0,
      0,
      0,
      0
    ],
    [
      0,
      0,
      0,
      0,
      0,
      0,
      0,
      0,
      0,
      0,
      0,
      0
    ],
    [
      0,
      0,
      0,
      0,
      0,
      0,
      0,
      0,
      0,
      0,
      0,
      0
    ],
    [
      0,
      0,
      0,
      0,
      0,
      0,
      0,
      0,
      0,
      0,
      0,
      0
    ],
    [
      0,
      0,
      0,
      0,
      0,
      0,
      0,
      0,
      0,
      0,
      0,
      0
    ],
    [
      0,
      0,
      0,
      0,
      0,
      0,
      0,
      0,
      0,
      0,
      0,
      0
    ],
    [
      0,
      0,
      23.999999999999993,
      77,
      133.66666666666666,
      161.33333333333331,
      143,
      75.49999999999994,
      83.33333333333331,
      116,
      91.99999999999991,
      0
    ],
    [
      0,
      29.166666666666664,
      126.99999999999999,
      145,
      94.66666666666669,
      50.166666666666664,
      51,
      115.16666666666671,
      144,
      145,
      91.99999999999991,
      0
    ],
    [
      0,
      102.49999999999999,
      131.66666666666666,
      70,
      2.666666666666668,
      0,
      0,
      8.33333333333334,
      105.99999999999991,
      146,
      91.99999999999991,
      0
    ],
    [
      11,
      151,
      105.66666666666669,
      34.5,
      0,
      0,
      0,
      0,
      67.99999999999994,
      120,
      91.99999999999991,
      0
    ],
    [
      23,
      153,
      95.00000000000003,
      26.5,
      0,
      0,
      0,
      0,
      62.666666666666615,
      116,
      91.99999999999991,
      0
    ],
    [
      13,
      151.33333333333331,
      101.66666666666669,
      31.5,
      0,
      0,
      0,
      0,
      73.99999999999993,
      124.5,
      91.99999999999991,
      0
    ],
    [
      0,
      120.83333333333333,
      129,
      61,
      0.666666666666667,
      0,
      0,
      15.00000000000001,
      117.99999999999991,
      153,
      91.99999999999991,
      0
    ],
    [
      0,
      46.666666666666664,
      137.99999999999997,
      141.5,
      84.66666666666669,
      47.83333333333334,
      57,
      123.66666666666671,
      131.66666666666669,
      133.5,
      91.99999999999991,
      0
    ],
    [
      0,
      0,
      41.33333333333332,
      100.5,
      148.66666666666666,
      160.83333333333331,
      125,
      52.49999999999994,
      75.3333333333333,
      116,
      91.99999999999991,
      0
    ],
    [
      0,
      0,
      0,
      0,
      0,
      0,
      0,
      0,
      62.666666666666615,
      116,
      91.99999999999991,
      0
    ]
  ],
  "darkCount": 19,
  "samples": [
    {
      "pixels": [
        [
          0,
          0,
          0,
          0,
          0,
          0,
          0,
          0,
          0,
          0,
          0,
          0
        ],
        [
          0,
          0,
          0,
          0,
          0,
          0,
          0,
          0,
          0,
          0,
          0,
          0
        ],
        [
          0,
          0,
          0,
          0,
          0,
          0,
          0,
          0,
          0,
          0,
          0,
          0
        ],
        [
          0,
          0,
          0,
          0,
          0,
          0,
          0,
          0,
          0,
          0,
          0,
          0
        ],
        [
          0,
          0,
          0,
          0,
          0,
          0,
          0,
          0,
          0,
          0,
          0,
          0
        ],
        [
          0,
          0,
          0,
          0,
          0,
          0,
          0,
          0,
          0,
          0,
          0,
          0
        ],
        [
          0,
          0,
          23.999999999999993,
          77,
          133.66666666666666,
          161.33333333333331,
          143,
          75.49999999999994,
          83.33333333333331,
          116,
          91.99999999999991,
          0
        ],
        [
          0,
          29.166666666666664,
          126.99999999999999,
          145,
          94.66666666666669,
          50.166666666666664,
          51,
          115.16666666666671,
          144,
          145,
          91.99999999999991,
          0
        ],
        [
          0,
          102.49999999999999,
          131.66666666666666,
          70,
          2.666666666666668,
          0,
          0,
          8.33333333333334,
          105.99999999999991,
          146,
          91.99999999999991,
          0
        ],
        [
          11,
          151,
          105.66666666666669,
          34.5,
          0,
          0,
          0,
          0,
          67.99999999999994,
          120,
          91.99999999999991,
          0
        ],
        [
          23,
          153,
          95.00000000000003,
          26.5,
          0,
          0,
          0,
          0,
          62.666666666666615,
          116,
          91.99999999999991,
          0
        ],
        [
          13,
          151.33333333333331,
          101.66666666666669,
          31.5,
          0,
          0,
          0,
          0,
          73.99999999999993,
          124.5,
          91.99999999999991,
          0
        ],
        [
          0,
          120.83333333333333,
          129,
          61,
          0.666666666666667,
          0,
          0,
          15.00000000000001,
          117.99999999999991,
          153,
          91.99999999999991,
          0
        ],
        [
          0,
          46.666666666666664,
          137.99999999999997,
          141.5,
          84.66666666666669,
          47.83333333333334,
          57,
          123.66666666666671,
          131.66666666666669,
          133.5,
          91.99999999999991,
          0
        ],
        [
          0,
          0,
          41.33333333333332,
          100.5,
          148.66666666666666,
          160.83333333333331,
          125,
          52.49999999999994,
          75.3333333333333,
          116,
          91.99999999999991,
          0
        ],
        [
          0,
          0,
          0,
          0,
          0,
          0,
          0,
          0,
          62.666666666666615,
          116,
          91.99999999999991,
          0
        ]
      ],
      "darkCount": 19
    }
  ]
}