{
  "w": 12,
  "h": 16,
  "char": "s",
  "pixels": [
    [
      0,
      0,
      0,
      0,
      0,
      0,
      0,
      0,
      0,
      0,
      0,
      0
    ],
    [
      0,
      0,
      0,
      0,
      0,
      0,
      0,
      0,
      0,
      0,
      0,
      0
    ],
    [
      0,
      0,
      0,
      0,
      0,
      0,
      0,
      0,
      0,
      0,
      0,
      0
    ],
    [
      0,
      0,
      0,
      0,
      0,
      0,
      0,
      0,
      0,
      0,
      0,
      0
    ],
    [
      0,
      0,
      0,
      0,
      0,
      0,
      0,
      0,
      0,
      0,
      0,
      0
    ],
    [
      0,
      0,
      0,
      0,
      0,
      0,
      0,
      0,
      0,
      0,
      0,
      0
    ],
    [
      0,
      9.166666666666666,
      60.99999999999999,
      115,
      151.66666666666666,
      160.66666666666666,
      129,
      43.999999999999936,
      9.000000000000016,
      0,
      0,
      0
    ],
    [
      0,
      98.33333333333333,
      131.33333333333334,
      92.5,
      44.66666666666667,
      45.33333333333334,
      72,
      38.66666666666664,
      10.666666666666686,
      0,
      0,
      0
    ],
    [
      8,
      150.5,
      105.66666666666669,
      34.5,
      0,
      0,
      0,
      0,
      0,
      0,
      0,
      0
    ],
    [
      1,
      110.16666666666666,
      145.33333333333334,
      103,
      37.33333333333334,
      3.333333333333332,
      0,
      0,
      0,
      0,
      0,
      0
    ],
    [
      0,
      12.499999999999998,
      70.99999999999999,
      138,
      167.66666666666669,
      134.16666666666666,
      60,
      10.833333333333298,
      0.3333333333333339,
      0,
      0,
      0
    ],
    [
      0,
      0,
      0,
      9.5,
      42.333333333333314,
      104.00000000000003,
      179,
      79.83333333333326,
      20.000000000000036,
      0,
      0,
      0
    ],
    [
      1,
      0.16666666666666674,
      0,
      0,
      0,
      23.500000000000043,
      141,
      102.66666666666664,
      31.66666666666672,
      0,
      0,
      0
    ],
    [
      14,
      95.66666666666666,
      72.66666666666669,
      44.5,
      45.66666666666666,
      83.33333333333337,
      175,
      74.1666666666666,
      18.000000000000032,
      0,
      0,
      0
    ],
    [
      7,
      86.16666666666666,
      135.33333333333331,
      157.5,
      150.66666666666669,
      114.33333333333331,
      56,
      9.3333333333333,
      0,
      0,
      0,
      0
    ],
    [
      0,
      0,
      0,
      0,
      0,
      0,
      0,
      0,
      0,
      0,
      0,
      0
    ]
  ],
  "darkCount": 15,
  "samples": [
    {
      "pixels": [
        [
          0,
          0,
          0,
          0,
          0,
          0,
          0,
          0,
          0,
          0,
          0,
          0
        ],
        [
          0,
          0,
          0,
          0,
          0,
          0,
          0,
          0,
          0,
          0,
          0,
          0
        ],
        [
          0,
          0,
          0,
          0,
          0,
          0,
          0,
          0,
          0,
          0,
          0,
          0
        ],
        [
          0,
          0,
          0,
          0,
          0,
          0,
          0,
          0,
          0,
          0,
          0,
          0
        ],
        [
          0,
          0,
          0,
          0,
          0,
          0,
          0,
          0,
          0,
          0,
          0,
          0
        ],
        [
          0,
          0,
          0,
          0,
          0,
          0,
          0,
          0,
          0,
          0,
          0,
          0
        ],
        [
          0,
          9.166666666666666,
          60.99999999999999,
          115,
          151.66666666666666,
          160.66666666666666,
          129,
          43.999999999999936,
          9.000000000000016,
          0,
          0,
          0
        ],
        [
          0,
          98.33333333333333,
          131.33333333333334,
          92.5,
          44.66666666666667,
          45.33333333333334,
          72,
          38.66666666666664,
          10.666666666666686,
          0,
          0,
          0
        ],
        [
          8,
          150.5,
          105.66666666666669,
          34.5,
          0,
          0,
          0,
          0,
          0,
          0,
          0,
          0
        ],
        [
          1,
          110.16666666666666,
          145.33333333333334,
          103,
          37.33333333333334,
          3.333333333333332,
          0,
          0,
          0,
          0,
          0,
          0
        ],
        [
          0,
          12.499999999999998,
          70.99999999999999,
          138,
          167.66666666666669,
          134.16666666666666,
          60,
          10.833333333333298,
          0.3333333333333339,
          0,
          0,
          0
        ],
        [
          0,
          0,
          0,
          9.5,
          42.333333333333314,
          104.00000000000003,
          179,
          79.83333333333326,
          20.000000000000036,
          0,
          0,
          0
        ],
        [
          1,
          0.16666666666666674,
          0,
          0,
          0,
          23.500000000000043,
          141,
          102.66666666666664,
          31.66666666666672,
          0,
          0,
          0
        ],
        [
          14,
          95.66666666666666,
          72.66666666666669,
          44.5,
          45.66666666666666,
          83.33333333333337,
          175,
          74.1666666666666,
          18.000000000000032,
          0,
          0,
          0
        ],
        [
          7,
          86.16666666666666,
          135.33333333333331,
          157.5,
          150.66666666666669,
          114.33333333333331,
          56,
          9.3333333333333,
          0,
          0,
          0,
          0
        ],
        [
          0,
          0,
          0,
          0,
          0,
          0,
          0,
          0,
          0,
          0,
          0,
          0
        ]
      ],
      "darkCount": 15
    }
  ]
}