{
  "w": 12,
  "h": 16,
  "char": "v",
  "pixels": [
    [
      0,
      0,
      0,
      0,
      0,
      0,
      0,
      0,
      0,
      0,
      0,
      0
    ],
    [
      0,
      0,
      0,
      0,
      0,
      0,
      0,
      0,
      0,
      0,
      0,
      0
    ],
    [
      0,
      0,
      0,
      0,
      0,
      0,
      0,
      0,
      0,
      0,
      0,
      0
    ],
    [
      0,
      0,
      0,
      0,
      0,
      0,
      0,
      0,
      0,
      0,
      0,
      0
    ],
    [
      0,
      0,
      0,
      0,
      0,
      0,
      0,
      0,
      0,
      0,
      0,
      0
    ],
    [
      0,
      0,
      0,
      0,
      0,
      0,
      0,
      0,
      0,
      0,
      0,
      0
    ],
    [
      104,
      143.16666666666669,
      51.66666666666669,
      1,
      0,
      0,
      0,
      51.6666666666667,
      139.99999999999994,
      98.5,
      11.99999999999999,
      0
    ],
    [
      47,
      157,
      83.66666666666669,
      18,
      0,
      0,
      0,
      99.16666666666674,
      113.66666666666666,
      55.5,
      0,
      0
    ],
    [
      5,
      132.5,
      109.33333333333334,
      42.5,
      0,
      3.0000000000000053,
      18,
      152.16666666666677,
      93.00000000000007,
      25,
      0,
      0
    ],
    [
      0,
      74.16666666666666,
      129,
      75,
      0.666666666666667,
      10.833333333333353,
      65,
      144.1666666666667,
      57.33333333333343,
      3,
      0,
      0
    ],
    [
      0,
      29.166666666666664,
      130.99999999999997,
      106.5,
      22.66666666666668,
      20.83333333333337,
      125,
      92.49999999999997,
      28.666666666666718,
      0,
      0,
      0
    ],
    [
      0,
      0.8333333333333333,
      95.66666666666664,
      112.5,
      61.33333333333336,
      46.50000000000004,
      179,
      54.83333333333324,
      10.000000000000018,
      0,
      0,
      0
    ],
    [
      0,
      0,
      49.999999999999986,
      110,
      119.00000000000003,
      77.83333333333336,
      132,
      21.999999999999922,
      0,
      0,
      0,
      0
    ],
    [
      0,
      0,
      15.999999999999996,
      101.5,
      165.33333333333334,
      125.66666666666664,
      64,
      10.666666666666629,
      0,
      0,
      0,
      0
    ],
    [
      0,
      0,
      0,
      62.5,
      141.66666666666666,
      147.99999999999994,
      13,
      2.166666666666659,
      0,
      0,
      0,
      0
    ],
    [
      0,
      0,
      0,
      0,
      0,
      0,
      0,
      0,
      0,
      0,
      0,
      0
    ]
  ],
  "darkCount": 13,
  "samples": [
    {
      "pixels": [
        [
          0,
          0,
          0,
          0,
          0,
          0,
          0,
          0,
          0,
          0,
          0,
          0
        ],
        [
          0,
          0,
          0,
          0,
          0,
          0,
          0,
          0,
          0,
          0,
          0,
          0
        ],
        [
          0,
          0,
          0,
          0,
          0,
          0,
          0,
          0,
          0,
          0,
          0,
          0
        ],
        [
          0,
          0,
          0,
          0,
          0,
          0,
          0,
          0,
          0,
          0,
          0,
          0
        ],
        [
          0,
          0,
          0,
          0,
          0,
          0,
          0,
          0,
          0,
          0,
          0,
          0
        ],
        [
          0,
          0,
          0,
          0,
          0,
          0,
          0,
          0,
          0,
          0,
          0,
          0
        ],
        [
          104,
          143.16666666666669,
          51.66666666666669,
          1,
          0,
          0,
          0,
          51.6666666666667,
          139.99999999999994,
          98.5,
          11.99999999999999,
          0
        ],
        [
          47,
          157,
          83.66666666666669,
          18,
          0,
          0,
          0,
          99.16666666666674,
          113.66666666666666,
          55.5,
          0,
          0
        ],
        [
          5,
          132.5,
          109.33333333333334,
          42.5,
          0,
          3.0000000000000053,
          18,
          152.16666666666677,
          93.00000000000007,
          25,
          0,
          0
        ],
        [
          0,
          74.16666666666666,
          129,
          75,
          0.666666666666667,
          10.833333333333353,
          65,
          144.1666666666667,
          57.33333333333343,
          3,
          0,
          0
        ],
        [
          0,
          29.166666666666664,
          130.99999999999997,
          106.5,
          22.66666666666668,
          20.83333333333337,
          125,
          92.49999999999997,
          28.666666666666718,
          0,
          0,
          0
        ],
        [
          0,
          0.8333333333333333,
          95.66666666666664,
          112.5,
          61.33333333333336,
          46.50000000000004,
          179,
          54.83333333333324,
          10.000000000000018,
          0,
          0,
          0
        ],
        [
          0,
          0,
          49.999999999999986,
          110,
          119.00000000000003,
          77.83333333333336,
          132,
          21.999999999999922,
          0,
          0,
          0,
          0
        ],
        [
          0,
          0,
          15.999999999999996,
          101.5,
          165.33333333333334,
          125.66666666666664,
          64,
          10.666666666666629,
          0,
          0,
          0,
          0
        ],
        [
          0,
          0,
          0,
          62.5,
          141.66666666666666,
          147.99999999999994,
          13,
          2.166666666666659,
          0,
          0,
          0,
          0
        ],
        [
          0,
          0,
          0,
          0,
          0,
          0,
          0,
          0,
          0,
          0,
          0,
          0
        ]
      ],
      "darkCount": 13
    }
  ]
}