{
  "w": 12,
  "h": 16,
  "char": "w",
  "pixels": [
    [
      0,
      0,
      0,
      0,
      0,
      0,
      0,
      0,
      0,
      0,
      0,
      0
    ],
    [
      0,
      0,
      0,
      0,
      0,
      0,
      0,
      0,
      0,
      0,
      0,
      0
    ],
    [
      0,
      0,
      0,
      0,
      0,
      0,
      0,
      0,
      0,
      0,
      0,
      0
    ],
    [
      0,
      0,
      0,
      0,
      0,
      0,
      0,
      0,
      0,
      0,
      0,
      0
    ],
    [
      0,
      0,
      0,
      0,
      0,
      0,
      0,
      0,
      0,
      0,
      0,
      0
    ],
    [
      0,
      0,
      0,
      0,
      0,
      0,
      0,
      0,
      0,
      0,
      0,
      0
    ],
    [
      94,
      140.66666666666666,
      50.666666666666686,
      0.5,
      0,
      9.83333333333335,
      59,
      159.00000000000006,
      82.33333333333341,
      17,
      0,
      0
    ],
    [
      49,
      157.33333333333331,
      75.00000000000003,
      11.5,
      0,
      17.500000000000032,
      105,
      163.33333333333337,
      107.00000000000006,
      36.5,
      0,
      0
    ],
    [
      11,
      149.33333333333334,
      98.33333333333334,
      29.5,
      1.3333333333333321,
      30.500000000000046,
      163,
      113.8333333333333,
      115.33333333333333,
      60.5,
      0,
      0
    ],
    [
      0,
      98.33333333333333,
      106.66666666666666,
      50.5,
      11.99999999999999,
      56.000000000000036,
      156,
      52.66666666666659,
      128.66666666666657,
      93.5,
      6.999999999999995,
      1
    ],
    [
      0,
      57.49999999999999,
      126.99999999999999,
      78.5,
      26.33333333333331,
      80,
      95,
      17.499999999999943,
      105.33333333333324,
      101,
      37.999999999999986,
      24
    ],
    [
      0,
      23.333333333333332,
      128.66666666666663,
      103,
      60.99999999999997,
      115.66666666666664,
      49,
      8.166666666666638,
      66.6666666666666,
      93,
      76.66666666666666,
      58
    ],
    [
      0,
      0.8333333333333333,
      99.66666666666664,
      114,
      110.99999999999997,
      147.66666666666663,
      11,
      1.8333333333333268,
      37.3333333333333,
      98,
      126.33333333333331,
      99
    ],
    [
      0,
      0,
      59.999999999999986,
      121,
      140.33333333333334,
      97.49999999999997,
      0,
      0,
      11.99999999999999,
      98.5,
      170.66666666666666,
      154
    ],
    [
      0,
      0,
      30.66666666666666,
      112.5,
      141.66666666666669,
      55.833333333333314,
      0,
      0,
      0,
      68,
      145.66666666666669,
      165
    ],
    [
      0,
      0,
      0,
      0,
      0,
      0,
      0,
      0,
      0,
      0,
      0,
      0
    ]
  ],
  "darkCount": 16,
  "samples": [
    {
      "pixels": [
        [
          0,
          0,
          0,
          0,
          0,
          0,
          0,
          0,
          0,
          0,
          0,
          0
        ],
        [
          0,
          0,
          0,
          0,
          0,
          0,
          0,
          0,
          0,
          0,
          0,
          0
        ],
        [
          0,
          0,
          0,
          0,
          0,
          0,
          0,
          0,
          0,
          0,
          0,
          0
        ],
        [
          0,
          0,
          0,
          0,
          0,
          0,
          0,
          0,
          0,
          0,
          0,
          0
        ],
        [
          0,
          0,
          0,
          0,
          0,
          0,
          0,
          0,
          0,
          0,
          0,
          0
        ],
        [
          0,
          0,
          0,
          0,
          0,
          0,
          0,
          0,
          0,
          0,
          0,
          0
        ],
        [
          94,
          140.66666666666666,
          50.666666666666686,
          0.5,
          0,
          9.83333333333335,
          59,
          159.00000000000006,
          82.33333333333341,
          17,
          0,
          0
        ],
        [
          49,
          157.33333333333331,
          75.00000000000003,
          11.5,
          0,
          17.500000000000032,
          105,
          163.33333333333337,
          107.00000000000006,
          36.5,
          0,
          0
        ],
        [
          11,
          149.33333333333334,
          98.33333333333334,
          29.5,
          1.3333333333333321,
          30.500000000000046,
          163,
          113.8333333333333,
          115.33333333333333,
          60.5,
          0,
          0
        ],
        [
          0,
          98.33333333333333,
          106.66666666666666,
          50.5,
          11.99999999999999,
          56.000000000000036,
          156,
          52.66666666666659,
          128.66666666666657,
          93.5,
          6.999999999999995,
          1
        ],
        [
          0,
          57.49999999999999,
          126.99999999999999,
          78.5,
          26.33333333333331,
          80,
          95,
          17.499999999999943,
          105.33333333333324,
          101,
          37.999999999999986,
          24
        ],
        [
          0,
          23.333333333333332,
          128.66666666666663,
          103,
          60.99999999999997,
          115.66666666666664,
          49,
          8.166666666666638,
          66.6666666666666,
          93,
          76.66666666666666,
          58
        ],
        [
          0,
          0.8333333333333333,
          99.66666666666664,
          114,
          110.99999999999997,
          147.66666666666663,
          11,
          1.8333333333333268,
          37.3333333333333,
          98,
          126.33333333333331,
          99
        ],
        [
          0,
          0,
          59.999999999999986,
          121,
          140.33333333333334,
          97.49999999999997,
          0,
          0,
          11.99999999999999,
          98.5,
          170.66666666666666,
          154
        ],
        [
          0,
          0,
          30.66666666666666,
          112.5,
          141.66666666666669,
          55.833333333333314,
          0,
          0,
          0,
          68,
          145.66666666666669,
          165
        ],
        [
          0,
          0,
          0,
          0,
          0,
          0,
          0,
          0,
          0,
          0,
          0,
          0
        ]
      ],
      "darkCount": 16
    }
  ]
}