{
  "w": 12,
  "h": 16,
  "char": "x",
  "pixels": [
    [
      0,
      0,
      0,
      0,
      0,
      0,
      0,
      0,
      0,
      0,
      0,
      0
    ],
    [
      0,
      0,
      0,
      0,
      0,
      0,
      0,
      0,
      0,
      0,
      0,
      0
    ],
    [
      0,
      0,
      0,
      0,
      0,
      0,
      0,
      0,
      0,
      0,
      0,
      0
    ],
    [
      0,
      0,
      0,
      0,
      0,
      0,
      0,
      0,
      0,
      0,
      0,
      0
    ],
    [
      0,
      0,
      0,
      0,
      0,
      0,
      0,
      0,
      0,
      0,
      0,
      0
    ],
    [
      0,
      0,
      0,
      0,
      0,
      0,
      0,
      0,
      0,
      0,
      0,
      0
    ],
    [
      47,
      157,
      94.33333333333334,
      26,
      0,
      2.0000000000000036,
      12,
      135.33333333333343,
      107.33333333333337,
      40.5,
      0,
      0
    ],
    [
      0,
      90.83333333333333,
      130.33333333333334,
      72.5,
      2.666666666666668,
      14.333333333333359,
      86,
      132.66666666666669,
      52.00000000000008,
      3.5,
      0,
      0
    ],
    [
      0,
      16.666666666666664,
      118.66666666666664,
      115,
      49.33333333333334,
      49.166666666666714,
      175,
      63.33333333333326,
      13.666666666666691,
      0,
      0,
      0
    ],
    [
      0,
      0,
      47.999999999999986,
      111.5,
      138.33333333333334,
      110.33333333333333,
      97,
      16.166666666666607,
      0,
      0,
      0,
      0
    ],
    [
      0,
      0,
      3.999999999999999,
      86.5,
      171,
      152.8333333333333,
      22,
      3.6666666666666536,
      0,
      0,
      0,
      0
    ],
    [
      0,
      0,
      42.66666666666666,
      109,
      149.33333333333334,
      131.66666666666666,
      90,
      14.999999999999947,
      0,
      0,
      0,
      0
    ],
    [
      0,
      17.5,
      118.33333333333331,
      112,
      53.66666666666667,
      69.00000000000003,
      179,
      59.83333333333325,
      12.000000000000021,
      0,
      0,
      0
    ],
    [
      1,
      98.5,
      124,
      64.5,
      1.333333333333334,
      19.1666666666667,
      115,
      133.33333333333334,
      49.66666666666674,
      3,
      0,
      0
    ],
    [
      63,
      159.66666666666666,
      82.33333333333336,
      17,
      0,
      4.500000000000008,
      27,
      152.00000000000009,
      110.3333333333334,
      38.5,
      0,
      0
    ],
    [
      0,
      0,
      0,
      0,
      0,
      0,
      0,
      0,
      0,
      0,
      0,
      0
    ]
  ],
  "darkCount": 14,
  "samples": [
    {
      "pixels": [
        [
          0,
          0,
          0,
          0,
          0,
          0,
          0,
          0,
          0,
          0,
          0,
          0
        ],
        [
          0,
          0,
          0,
          0,
          0,
          0,
          0,
          0,
          0,
          0,
          0,
          0
        ],
        [
          0,
          0,
          0,
          0,
          0,
          0,
          0,
          0,
          0,
          0,
          0,
          0
        ],
        [
          0,
          0,
          0,
          0,
          0,
          0,
          0,
          0,
          0,
          0,
          0,
          0
        ],
        [
          0,
          0,
          0,
          0,
          0,
          0,
          0,
          0,
          0,
          0,
          0,
          0
        ],
        [
          0,
          0,
          0,
          0,
          0,
          0,
          0,
          0,
          0,
          0,
          0,
          0
        ],
        [
          47,
          157,
          94.33333333333334,
          26,
          0,
          2.0000000000000036,
          12,
          135.33333333333343,
          107.33333333333337,
          40.5,
          0,
          0
        ],
        [
          0,
          90.83333333333333,
          130.33333333333334,
          72.5,
          2.666666666666668,
          14.333333333333359,
          86,
          132.66666666666669,
          52.00000000000008,
          3.5,
          0,
          0
        ],
        [
          0,
          16.666666666666664,
          118.66666666666664,
          115,
          49.33333333333334,
          49.166666666666714,
          175,
          63.33333333333326,
          13.666666666666691,
          0,
          0,
          0
        ],
        [
          0,
          0,
          47.999999999999986,
          111.5,
          138.33333333333334,
          110.33333333333333,
          97,
          16.166666666666607,
          0,
          0,
          0,
          0
        ],
        [
          0,
          0,
          3.999999999999999,
          86.5,
          171,
          152.8333333333333,
          22,
          3.6666666666666536,
          0,
          0,
          0,
          0
        ],
        [
          0,
          0,
          42.66666666666666,
          109,
          149.33333333333334,
          131.66666666666666,
          90,
          14.999999999999947,
          0,
          0,
          0,
          0
        ],
        [
          0,
          17.5,
          118.33333333333331,
          112,
          53.66666666666667,
          69.00000000000003,
          179,
          59.83333333333325,
          12.000000000000021,
          0,
          0,
          0
        ],
        [
          1,
          98.5,
          124,
          64.5,
          1.333333333333334,
          19.1666666666667,
          115,
          133.33333333333334,
          49.66666666666674,
          3,
          0,
          0
        ],
        [
          63,
          159.66666666666666,
          82.33333333333336,
          17,
          0,
          4.500000000000008,
          27,
          152.00000000000009,
          110.3333333333334,
          38.5,
          0,
          0
        ],
        [
          0,
          0,
          0,
          0,
          0,
          0,
          0,
          0,
          0,
          0,
          0,
          0
        ]
      ],
      "darkCount": 14
    }
  ]
}