{
  "w": 12,
  "h": 16,
  "char": "z",
  "pixels": [
    [
      0,
      0,
      0,
      0,
      0,
      0,
      0,
      0,
      0,
      0,
      0,
      0
    ],
    [
      0,
      0,
      0,
      0,
      0,
      0,
      0,
      0,
      0,
      0,
      0,
      0
    ],
    [
      0,
      0,
      0,
      0,
      0,
      0,
      0,
      0,
      0,
      0,
      0,
      0
    ],
    [
      0,
      0,
      0,
      0,
      0,
      0,
      0,
      0,
      0,
      0,
      0,
      0
    ],
    [
      0,
      0,
      0,
      0,
      0,
      0,
      0,
      0,
      0,
      0,
      0,
      0
    ],
    [
      0,
      0,
      0,
      0,
      0,
      0,
      0,
      0,
      0,
      0,
      0,
      0
    ],
    [
      32,
      154.5,
      179,
      179,
      179,
      179,
      179,
      179,
      95.00000000000007,
      26.5,
      0,
      0
    ],
    [
      9,
      34,
      39,
      39,
      40,
      60.6666666666667,
      154,
      123.99999999999997,
      40.000000000000064,
      0.5,
      0,
      0
    ],
    [
      0,
      0,
      0,
      0,
      24.99999999999998,
      89.50000000000003,
      162,
      42.83333333333325,
      6.333333333333345,
      0,
      0,
      0
    ],
    [
      0,
      0,
      0,
      16,
      79.66666666666663,
      154.99999999999997,
      55,
      9.166666666666634,
      0,
      0,
      0,
      0
    ],
    [
      0,
      0,
      5.333333333333332,
      73.5,
      127.33333333333334,
      86.66666666666663,
      0,
      0,
      0,
      0,
      0,
      0
    ],
    [
      0,
      0,
      59.999999999999986,
      120.5,
      105.00000000000004,
      10.833333333333329,
      0,
      0,
      0,
      0,
      0,
      0
    ],
    [
      0,
      36.666666666666664,
      133.99999999999997,
      111,
      28.66666666666668,
      0,
      0,
      0,
      0,
      0,
      0,
      0
    ],
    [
      13,
      128.83333333333331,
      132,
      79.5,
      37,
      37,
      37,
      37,
      23.000000000000014,
      8,
      0,
      0
    ],
    [
      90,
      164.16666666666666,
      179,
      179,
      179,
      179,
      179,
      179,
      101.00000000000007,
      31,
      0,
      0
    ],
    [
      0,
      0,
      0,
      0,
      0,
      0,
      0,
      0,
      0,
      0,
      0,
      0
    ]
  ],
  "darkCount": 20,
  "samples": [
    {
      "pixels": [
        [
          0,
          0,
          0,
          0,
          0,
          0,
          0,
          0,
          0,
          0,
          0,
          0
        ],
        [
          0,
          0,
          0,
          0,
          0,
          0,
          0,
          0,
          0,
          0,
          0,
          0
        ],
        [
          0,
          0,
          0,
          0,
          0,
          0,
          0,
          0,
          0,
          0,
          0,
          0
        ],
        [
          0,
          0,
          0,
          0,
          0,
          0,
          0,
          0,
          0,
          0,
          0,
          0
        ],
        [
          0,
          0,
          0,
          0,
          0,
          0,
          0,
          0,
          0,
          0,
          0,
          0
        ],
        [
          0,
          0,
          0,
          0,
          0,
          0,
          0,
          0,
          0,
          0,
          0,
          0
        ],
        [
          32,
          154.5,
          179,
          179,
          179,
          179,
          179,
          179,
          95.00000000000007,
          26.5,
          0,
          0
        ],
        [
          9,
          34,
          39,
          39,
          40,
          60.6666666666667,
          154,
          123.99999999999997,
          40.000000000000064,
          0.5,
          0,
          0
        ],
        [
          0,
          0,
          0,
          0,
          24.99999999999998,
          89.50000000000003,
          162,
          42.83333333333325,
          6.333333333333345,
          0,
          0,
          0
        ],
        [
          0,
          0,
          0,
          16,
          79.66666666666663,
          154.99999999999997,
          55,
          9.166666666666634,
          0,
          0,
          0,
          0
        ],
        [
          0,
          0,
          5.333333333333332,
          73.5,
          127.33333333333334,
          86.66666666666663,
          0,
          0,
          0,
          0,
          0,
          0
        ],
        [
          0,
          0,
          59.999999999999986,
          120.5,
          105.00000000000004,
          10.833333333333329,
          0,
          0,
          0,
          0,
          0,
          0
        ],
        [
          0,
          36.666666666666664,
          133.99999999999997,
          111,
          28.66666666666668,
          0,
          0,
          0,
          0,
          0,
          0,
          0
        ],
        [
          13,
          128.83333333333331,
          132,
          79.5,
          37,
          37,
          37,
          37,
          23.000000000000014,
          8,
          0,
          0
        ],
        [
          90,
          164.16666666666666,
          179,
          179,
          179,
          179,
          179,
          179,
          101.00000000000007,
          31,
          0,
          0
        ],
        [
          0,
          0,
          0,
          0,
          0,
          0,
          0,
          0,
          0,
          0,
          0,
          0
        ]
      ],
      "darkCount": 20
    }
  ]
}